{"stats":{"minecraft:dropped":{"minecraft:grass_block":1,"minecraft:iron_golem_spawn_egg":1},"minecraft:custom":{"minecraft:jump":233,"minecraft:time_since_rest":120842,"minecraft:damage_dealt":395,"minecraft:crouch_one_cm":187,"minecraft:leave_game":12,"minecraft:sprint_one_cm":26877,"minecraft:play_time":120842,"minecraft:time_since_death":120842,"minecraft:walk_one_cm":15945,"minecraft:sneak_time":787,"minecraft:total_world_time":120842,"minecraft:mob_kills":2,"minecraft:drop":2,"minecraft:fly_one_cm":940381},"minecraft:used":{"minecraft:oak_sign":6,"minecraft:iron_golem_spawn_egg":1,"minecraft:diamond_sword":1,"minecraft:redstone_block":1,"minecraft:command_block":2,"minecraft:grass_block":1},"minecraft:killed":{"minecraft:wandering_trader":1}},"DataVersion":3465}