{"stats":{"minecraft:used":{"minecraft:oak_sign":6,"minecraft:iron_golem_spawn_egg":1,"minecraft:diamond_sword":1,"minecraft:redstone_block":1,"minecraft:command_block":2,"minecraft:grass_block":1},"minecraft:killed":{"minecraft:wandering_trader":1},"minecraft:custom":{"minecraft:jump":154,"minecraft:time_since_rest":104698,"minecraft:damage_dealt":395,"minecraft:sprint_one_cm":19514,"minecraft:leave_game":10,"minecraft:play_time":104698,"minecraft:time_since_death":104698,"minecraft:walk_one_cm":11094,"minecraft:sneak_time":713,"minecraft:total_world_time":104698,"minecraft:mob_kills":2,"minecraft:drop":2,"minecraft:fly_one_cm":854237},"minecraft:dropped":{"minecraft:grass_block":1,"minecraft:iron_golem_spawn_egg":1}},"DataVersion":3465}