{"stats":{"minecraft:used":{"minecraft:iron_golem_spawn_egg":1,"minecraft:grass_block":1},"minecraft:custom":{"minecraft:jump":51,"minecraft:time_since_rest":64004,"minecraft:damage_dealt":39,"minecraft:sprint_one_cm":14254,"minecraft:leave_game":9,"minecraft:play_time":64004,"minecraft:time_since_death":64004,"minecraft:walk_one_cm":4468,"minecraft:sneak_time":352,"minecraft:total_world_time":64004,"minecraft:drop":1,"minecraft:fly_one_cm":448048},"minecraft:dropped":{"minecraft:grass_block":1}},"DataVersion":3465}