{"stats":{"minecraft:dropped":{"minecraft:grass_block":1,"minecraft:iron_golem_spawn_egg":1},"minecraft:custom":{"minecraft:jump":159,"minecraft:time_since_rest":111578,"minecraft:damage_dealt":395,"minecraft:play_time":111578,"minecraft:leave_game":11,"minecraft:sprint_one_cm":20018,"minecraft:time_since_death":111578,"minecraft:walk_one_cm":11410,"minecraft:sneak_time":713,"minecraft:total_world_time":111578,"minecraft:mob_kills":2,"minecraft:drop":2,"minecraft:fly_one_cm":877856},"minecraft:used":{"minecraft:oak_sign":6,"minecraft:iron_golem_spawn_egg":1,"minecraft:diamond_sword":1,"minecraft:redstone_block":1,"minecraft:command_block":2,"minecraft:grass_block":1},"minecraft:killed":{"minecraft:wandering_trader":1}},"DataVersion":3465}