{"stats":{"minecraft:dropped":{"minecraft:grass_block":1,"minecraft:iron_golem_spawn_egg":1},"minecraft:custom":{"minecraft:jump":328,"minecraft:time_since_rest":132842,"minecraft:damage_dealt":438,"minecraft:crouch_one_cm":187,"minecraft:leave_game":12,"minecraft:sprint_one_cm":33726,"minecraft:play_time":132842,"minecraft:time_since_death":132842,"minecraft:walk_one_cm":26541,"minecraft:sneak_time":903,"minecraft:total_world_time":132842,"minecraft:mob_kills":2,"minecraft:drop":2,"minecraft:fly_one_cm":1058292},"minecraft:used":{"minecraft:oak_sign":7,"minecraft:iron_golem_spawn_egg":1,"minecraft:diamond_sword":1,"minecraft:redstone_block":1,"minecraft:command_block":2,"minecraft:grass_block":1},"minecraft:killed":{"minecraft:wandering_trader":1}},"DataVersion":3465}