{"stats":{"minecraft:used":{"minecraft:oak_sign":2,"minecraft:iron_golem_spawn_egg":1,"minecraft:redstone_block":1,"minecraft:command_block":2,"minecraft:grass_block":1},"minecraft:custom":{"minecraft:jump":108,"minecraft:time_since_rest":88004,"minecraft:damage_dealt":164,"minecraft:sprint_one_cm":16388,"minecraft:leave_game":9,"minecraft:play_time":88004,"minecraft:time_since_death":88004,"minecraft:walk_one_cm":9734,"minecraft:sneak_time":689,"minecraft:total_world_time":88004,"minecraft:mob_kills":1,"minecraft:drop":1,"minecraft:fly_one_cm":816709},"minecraft:dropped":{"minecraft:grass_block":1}},"DataVersion":3465}