{"stats":{"minecraft:used":{"minecraft:iron_golem_spawn_egg":1,"minecraft:grass_block":1},"minecraft:custom":{"minecraft:jump":67,"minecraft:time_since_rest":76004,"minecraft:damage_dealt":39,"minecraft:sprint_one_cm":14734,"minecraft:leave_game":9,"minecraft:play_time":76004,"minecraft:time_since_death":76004,"minecraft:walk_one_cm":7445,"minecraft:sneak_time":502,"minecraft:total_world_time":76004,"minecraft:drop":1,"minecraft:fly_one_cm":673280},"minecraft:dropped":{"minecraft:grass_block":1}},"DataVersion":3465}