{"stats":{"minecraft:dropped":{"minecraft:iron_axe":2,"minecraft:oak_log":23,"minecraft:spruce_trapdoor":2},"minecraft:picked_up":{"minecraft:birch_log":3,"minecraft:iron_axe":2,"minecraft:stick":6,"minecraft:beef":1,"minecraft:oak_log":56,"minecraft:spruce_trapdoor":2},"minecraft:mined":{"minecraft:oak_log":42,"minecraft:dead_bush":9,"minecraft:birch_log":3},"minecraft:custom":{"minecraft:time_since_rest":37862,"minecraft:crouch_one_cm":357,"minecraft:play_time":40760,"minecraft:sprint_one_cm":45342,"minecraft:deaths":1,"minecraft:damage_taken":180,"minecraft:walk_one_cm":22187,"minecraft:sneak_time":508,"minecraft:mob_kills":3,"minecraft:drop":27,"minecraft:jump":470,"minecraft:damage_dealt":470,"minecraft:leave_game":3,"minecraft:time_since_death":37833,"minecraft:total_world_time":40760,"minecraft:fall_one_cm":6868,"minecraft:fly_one_cm":187110},"minecraft:used":{"minecraft:oak_log":1,"minecraft:bedrock":14,"minecraft:iron_axe":55,"minecraft:grass_block":26},"minecraft:killed":{"minecraft:skeleton":1,"minecraft:creeper":1,"minecraft:cow":1}},"DataVersion":3465}