{"stats":{"minecraft:dropped":{"minecraft:spruce_trapdoor":2,"minecraft:iron_axe":1},"minecraft:picked_up":{"minecraft:iron_axe":1,"minecraft:spruce_trapdoor":2},"minecraft:custom":{"minecraft:jump":182,"minecraft:time_since_rest":25862,"minecraft:damage_dealt":400,"minecraft:damage_taken":180,"minecraft:leave_game":3,"minecraft:sprint_one_cm":11150,"minecraft:play_time":28760,"minecraft:walk_one_cm":13790,"minecraft:time_since_death":25833,"minecraft:deaths":1,"minecraft:sneak_time":72,"minecraft:total_world_time":28760,"minecraft:mob_kills":2,"minecraft:drop":3,"minecraft:fall_one_cm":3230,"minecraft:fly_one_cm":86058},"minecraft:used":{"minecraft:bedrock":14},"minecraft:killed":{"minecraft:skeleton":1,"minecraft:creeper":1}},"DataVersion":3465}