{"stats":{"minecraft:killed":{"minecraft:skeleton":1,"minecraft:creeper":1},"minecraft:custom":{"minecraft:jump":139,"minecraft:time_since_rest":19862,"minecraft:damage_dealt":400,"minecraft:damage_taken":180,"minecraft:leave_game":3,"minecraft:sprint_one_cm":6776,"minecraft:play_time":22760,"minecraft:walk_one_cm":11397,"minecraft:time_since_death":19833,"minecraft:deaths":1,"minecraft:total_world_time":22760,"minecraft:mob_kills":2,"minecraft:fall_one_cm":3230,"minecraft:fly_one_cm":34701},"minecraft:used":{"minecraft:bedrock":14}},"DataVersion":3465}