{"stats":{"minecraft:dropped":{"minecraft:iron_axe":2,"minecraft:oak_log":24,"minecraft:spruce_trapdoor":2},"minecraft:picked_up":{"minecraft:birch_log":3,"minecraft:iron_axe":2,"minecraft:stick":6,"minecraft:leather":3,"minecraft:beef":1,"minecraft:oak_log":59,"minecraft:redstone":1,"minecraft:spruce_trapdoor":2,"minecraft:dirt":1},"minecraft:mined":{"minecraft:oak_log":47,"minecraft:dead_bush":9,"minecraft:redstone_wire":1,"minecraft:birch_log":3,"minecraft:grass":1},"minecraft:custom":{"minecraft:time_since_rest":11032,"minecraft:crouch_one_cm":734,"minecraft:play_time":52760,"minecraft:sprint_one_cm":100874,"minecraft:deaths":2,"minecraft:damage_taken":473,"minecraft:walk_one_cm":40119,"minecraft:sneak_time":621,"minecraft:mob_kills":4,"minecraft:drop":28,"minecraft:jump":659,"minecraft:damage_dealt":764,"minecraft:leave_game":3,"minecraft:walk_on_water_one_cm":1286,"minecraft:time_since_death":11005,"minecraft:total_world_time":52760,"minecraft:fall_one_cm":8841,"minecraft:fly_one_cm":271018},"minecraft:killed_by":{"minecraft:player":1},"minecraft:used":{"minecraft:oak_log":29,"minecraft:bedrock":14,"minecraft:oak_sapling":21,"minecraft:iron_axe":64,"minecraft:grass_block":26,"minecraft:bone_meal":117,"minecraft:water_bucket":47},"minecraft:killed":{"minecraft:skeleton":1,"minecraft:creeper":1,"minecraft:enderman":1,"minecraft:cow":1}},"DataVersion":3465}