{"stats":{"minecraft:dropped":{"minecraft:flint_and_steel":1},"minecraft:picked_up":{"minecraft:stick":2,"minecraft:azure_bluet":5,"minecraft:dirt":1,"minecraft:wheat_seeds":2,"minecraft:rabbit_hide":1,"minecraft:rabbit":1,"minecraft:oak_sapling":2,"minecraft:birch_sapling":2},"minecraft:mined":{"minecraft:spruce_leaves":2,"minecraft:oak_leaves":6},"minecraft:custom":{"minecraft:time_since_rest":56765,"minecraft:walk_one_cm":47201,"minecraft:sprint_one_cm":6489,"minecraft:damage_taken":525,"minecraft:mob_kills":9,"minecraft:drop":1,"minecraft:damage_dealt":814,"minecraft:fly_one_cm":1405032,"minecraft:crouch_one_cm":1814,"minecraft:play_time":84865,"minecraft:deaths":4,"minecraft:sneak_time":7419,"minecraft:jump":222,"minecraft:time_since_death":56733,"minecraft:leave_game":2,"minecraft:walk_on_water_one_cm":863,"minecraft:total_world_time":84865,"minecraft:fall_one_cm":4430},"minecraft:killed_by":{"minecraft:wither":1},"minecraft:used":{"minecraft:oak_log":109,"minecraft:wandering_trader_spawn_egg":3,"minecraft:oak_fence":17,"minecraft:stone_brick_slab":26,"minecraft:lever":2,"minecraft:netherite_sword":14,"minecraft:cow_spawn_egg":12,"minecraft:flint_and_steel":442,"minecraft:dead_bush":23,"minecraft:command_block":3,"minecraft:birch_slab":2,"minecraft:iron_axe":15,"minecraft:grass_block":109,"minecraft:redstone":11,"minecraft:barrier":18,"minecraft:oak_planks":4,"minecraft:axolotl_spawn_egg":35,"minecraft:deepslate":33,"minecraft:gravel":8,"minecraft:stone_bricks":25,"minecraft:item_frame":3,"minecraft:tadpole_bucket":2,"minecraft:fire_charge":2,"minecraft:soul_sand":33,"minecraft:dirt":1,"minecraft:hay_block":9,"minecraft:tnt":125,"minecraft:podzol":57,"minecraft:campfire":10,"minecraft:sponge":4,"minecraft:golden_shovel":158,"minecraft:stripped_oak_log":105,"minecraft:dragon_head":2,"minecraft:dead_bubble_coral_block":24,"minecraft:spruce_fence":4,"minecraft:observer":4,"minecraft:lightning_rod":3},"minecraft:killed":{"minecraft:wolf":2,"minecraft:chicken":1,"minecraft:axolotl":2,"minecraft:rabbit":1,"minecraft:wandering_trader":2,"minecraft:cow":1}},"DataVersion":3465}