{"stats":{"minecraft:used":{"minecraft:wandering_trader_spawn_egg":3,"minecraft:oak_log":81,"minecraft:oak_fence":17,"minecraft:stone_brick_slab":26,"minecraft:lever":2,"minecraft:netherite_sword":13,"minecraft:cow_spawn_egg":12,"minecraft:dead_bush":23,"minecraft:flint_and_steel":442,"minecraft:command_block":3,"minecraft:birch_slab":2,"minecraft:grass_block":109,"minecraft:iron_axe":15,"minecraft:barrier":18,"minecraft:redstone":7,"minecraft:oak_planks":4,"minecraft:axolotl_spawn_egg":35,"minecraft:deepslate":33,"minecraft:gravel":8,"minecraft:stone_bricks":25,"minecraft:item_frame":3,"minecraft:tadpole_bucket":2,"minecraft:fire_charge":2,"minecraft:dirt":1,"minecraft:hay_block":9,"minecraft:tnt":125,"minecraft:podzol":57,"minecraft:campfire":10,"minecraft:sponge":4,"minecraft:golden_shovel":134,"minecraft:stripped_oak_log":92,"minecraft:dragon_head":2,"minecraft:dead_bubble_coral_block":24,"minecraft:spruce_fence":4,"minecraft:observer":4,"minecraft:lightning_rod":3},"minecraft:killed":{"minecraft:wolf":2,"minecraft:chicken":1,"minecraft:axolotl":2,"minecraft:wandering_trader":2,"minecraft:cow":1},"minecraft:mined":{"minecraft:spruce_leaves":2,"minecraft:oak_leaves":6},"minecraft:picked_up":{"minecraft:stick":2,"minecraft:azure_bluet":5,"minecraft:dirt":1,"minecraft:wheat_seeds":2,"minecraft:oak_sapling":2,"minecraft:birch_sapling":2},"minecraft:custom":{"minecraft:time_since_rest":46886,"minecraft:damage_taken":525,"minecraft:sprint_one_cm":5899,"minecraft:walk_one_cm":41818,"minecraft:mob_kills":8,"minecraft:drop":1,"minecraft:damage_dealt":784,"minecraft:fly_one_cm":1331717,"minecraft:crouch_one_cm":1676,"minecraft:play_time":74986,"minecraft:deaths":4,"minecraft:sneak_time":6905,"minecraft:jump":191,"minecraft:walk_on_water_one_cm":863,"minecraft:leave_game":1,"minecraft:time_since_death":46854,"minecraft:total_world_time":74986,"minecraft:fall_one_cm":4430},"minecraft:dropped":{"minecraft:flint_and_steel":1},"minecraft:killed_by":{"minecraft:wither":1}},"DataVersion":3465}