{"stats":{"minecraft:dropped":{"minecraft:water_bucket":5,"minecraft:wheat":193,"minecraft:flint_and_steel":1,"minecraft:iron_axe":1,"minecraft:iron_pickaxe":1},"minecraft:picked_up":{"minecraft:birch_log":7,"minecraft:azure_bluet":5,"minecraft:water_bucket":5,"minecraft:leather":13,"minecraft:oak_log":19,"minecraft:dirt":1,"minecraft:item_frame":2,"minecraft:stone_bricks":2,"minecraft:wheat_seeds":2,"minecraft:rabbit_hide":1,"minecraft:beef":27,"minecraft:rabbit":1,"minecraft:birch_sapling":2,"minecraft:stick":2,"minecraft:oak_fence":1,"minecraft:stone_brick_slab":3,"minecraft:oak_sapling":2,"minecraft:mutton":1,"minecraft:white_wool":1},"minecraft:mined":{"minecraft:oak_fence":1,"minecraft:spruce_leaves":2,"minecraft:birch_log":7,"minecraft:grass":1,"minecraft:oak_log":19,"minecraft:oak_leaves":6},"minecraft:custom":{"minecraft:mob_kills":25,"minecraft:interact_with_campfire":4,"minecraft:leave_game":2,"minecraft:time_since_death":14451,"minecraft:time_since_rest":14477,"minecraft:sprint_one_cm":10771,"minecraft:damage_taken":885,"minecraft:walk_one_cm":112192,"minecraft:drop":12,"minecraft:damage_dealt":2208,"minecraft:fly_one_cm":1504065,"minecraft:crouch_one_cm":1871,"minecraft:play_time":108865,"minecraft:deaths":5,"minecraft:sneak_time":7772,"minecraft:jump":338,"minecraft:walk_on_water_one_cm":2760,"minecraft:total_world_time":108865,"minecraft:fall_one_cm":5115},"minecraft:killed_by":{"minecraft:player":1,"minecraft:wither":1},"minecraft:used":{"minecraft:oak_fence":17,"minecraft:water_bucket":8,"minecraft:netherite_sword":14,"minecraft:cow_spawn_egg":20,"minecraft:dead_bush":23,"minecraft:flint_and_steel":442,"minecraft:redstone":11,"minecraft:oak_planks":4,"minecraft:oak_sign":1,"minecraft:axolotl_spawn_egg":43,"minecraft:iron_sword":28,"minecraft:dirt":1,"minecraft:soul_sand":33,"minecraft:tnt":125,"minecraft:campfire":10,"minecraft:sponge":4,"minecraft:golden_shovel":158,"minecraft:spruce_fence":4,"minecraft:axolotl_bucket":4,"minecraft:lightning_rod":3,"minecraft:wandering_trader_spawn_egg":3,"minecraft:oak_log":142,"minecraft:stone_brick_slab":26,"minecraft:lever":2,"minecraft:command_block":3,"minecraft:birch_slab":2,"minecraft:grass_block":109,"minecraft:iron_axe":45,"minecraft:birch_sapling":2,"minecraft:barrier":18,"minecraft:gravel":8,"minecraft:deepslate":33,"minecraft:stone_bricks":25,"minecraft:item_frame":6,"minecraft:tadpole_bucket":2,"minecraft:fire_charge":2,"minecraft:hay_block":9,"minecraft:oak_sapling":2,"minecraft:podzol":57,"minecraft:bucket":1,"minecraft:stripped_oak_log":105,"minecraft:dead_bubble_coral_block":24,"minecraft:dragon_head":2,"minecraft:observer":4,"minecraft:bone_meal":27},"minecraft:killed":{"minecraft:wolf":2,"minecraft:rabbit":1,"minecraft:wandering_trader":2,"minecraft:sheep":1,"minecraft:chicken":1,"minecraft:axolotl":2,"minecraft:cow":16}},"DataVersion":3465}