{"stats":{"minecraft:used":{"minecraft:oak_log":37,"minecraft:oak_fence":17,"minecraft:lever":2,"minecraft:netherite_sword":10,"minecraft:cow_spawn_egg":12,"minecraft:dead_bush":23,"minecraft:flint_and_steel":407,"minecraft:command_block":3,"minecraft:iron_axe":10,"minecraft:axolotl_spawn_egg":35,"minecraft:deepslate":33,"minecraft:gravel":8,"minecraft:fire_charge":2,"minecraft:dirt":1,"minecraft:hay_block":4,"minecraft:tnt":125,"minecraft:podzol":57,"minecraft:campfire":4,"minecraft:golden_shovel":29,"minecraft:stripped_oak_log":92},"minecraft:killed":{"minecraft:wolf":2,"minecraft:chicken":1,"minecraft:axolotl":2,"minecraft:cow":1},"minecraft:mined":{"minecraft:spruce_leaves":2,"minecraft:oak_leaves":6},"minecraft:picked_up":{"minecraft:stick":2,"minecraft:dirt":1,"minecraft:wheat_seeds":2,"minecraft:oak_sapling":2,"minecraft:birch_sapling":2},"minecraft:custom":{"minecraft:time_since_rest":22886,"minecraft:damage_taken":525,"minecraft:sprint_one_cm":5464,"minecraft:walk_one_cm":26471,"minecraft:mob_kills":6,"minecraft:drop":1,"minecraft:damage_dealt":392,"minecraft:fly_one_cm":988268,"minecraft:crouch_one_cm":1187,"minecraft:play_time":50986,"minecraft:deaths":4,"minecraft:sneak_time":5010,"minecraft:jump":123,"minecraft:leave_game":1,"minecraft:time_since_death":22854,"minecraft:total_world_time":50986,"minecraft:fall_one_cm":4430},"minecraft:dropped":{"minecraft:flint_and_steel":1},"minecraft:killed_by":{"minecraft:wither":1}},"DataVersion":3465}