{"stats":{"minecraft:used":{"minecraft:lever":1,"minecraft:dirt":1,"minecraft:command_block":2,"minecraft:flint_and_steel":79,"minecraft:tnt":23},"minecraft:mined":{"minecraft:spruce_leaves":2},"minecraft:picked_up":{"minecraft:wheat_seeds":2,"minecraft:oak_sapling":2},"minecraft:custom":{"minecraft:time_since_rest":12882,"minecraft:crouch_one_cm":306,"minecraft:walk_one_cm":4640,"minecraft:sprint_one_cm":2737,"minecraft:play_time":26986,"minecraft:damage_taken":260,"minecraft:deaths":3,"minecraft:sneak_time":1623,"minecraft:drop":1,"minecraft:jump":37,"minecraft:damage_dealt":9,"minecraft:leave_game":1,"minecraft:time_since_death":12862,"minecraft:total_world_time":26986,"minecraft:fall_one_cm":3037,"minecraft:fly_one_cm":546447},"minecraft:dropped":{"minecraft:flint_and_steel":1}},"DataVersion":3465}