{"stats":{"minecraft:used":{"minecraft:oak_log":28,"minecraft:netherite_sword":10,"minecraft:lever":1,"minecraft:fire_charge":1,"minecraft:dirt":1,"minecraft:hay_block":3,"minecraft:command_block":2,"minecraft:flint_and_steel":331,"minecraft:tnt":113,"minecraft:iron_axe":7,"minecraft:podzol":23,"minecraft:campfire":3,"minecraft:axolotl_spawn_egg":35,"minecraft:golden_shovel":11,"minecraft:stripped_oak_log":47},"minecraft:killed":{"minecraft:axolotl":2,"minecraft:wolf":2},"minecraft:mined":{"minecraft:spruce_leaves":2,"minecraft:oak_leaves":6},"minecraft:picked_up":{"minecraft:stick":2,"minecraft:wheat_seeds":2,"minecraft:oak_sapling":2,"minecraft:birch_sapling":2,"minecraft:dirt":1},"minecraft:custom":{"minecraft:time_since_rest":10886,"minecraft:crouch_one_cm":977,"minecraft:walk_one_cm":16264,"minecraft:sprint_one_cm":5254,"minecraft:play_time":38986,"minecraft:damage_taken":525,"minecraft:deaths":4,"minecraft:sneak_time":3650,"minecraft:mob_kills":4,"minecraft:drop":1,"minecraft:jump":89,"minecraft:damage_dealt":282,"minecraft:leave_game":1,"minecraft:time_since_death":10854,"minecraft:total_world_time":38986,"minecraft:fall_one_cm":4430,"minecraft:fly_one_cm":794177},"minecraft:dropped":{"minecraft:flint_and_steel":1},"minecraft:killed_by":{"minecraft:wither":1}},"DataVersion":3465}