{"stats":{"minecraft:used":{"minecraft:lever":1,"minecraft:command_block":2},"minecraft:mined":{"minecraft:spruce_leaves":2},"minecraft:custom":{"minecraft:jump":24,"minecraft:time_since_rest":882,"minecraft:deaths":3,"minecraft:play_time":14986,"minecraft:leave_game":1,"minecraft:sprint_one_cm":2588,"minecraft:damage_taken":260,"minecraft:time_since_death":862,"minecraft:walk_one_cm":2133,"minecraft:sneak_time":365,"minecraft:total_world_time":14986,"minecraft:drop":1,"minecraft:fall_one_cm":3037,"minecraft:fly_one_cm":207225},"minecraft:dropped":{"minecraft:flint_and_steel":1}},"DataVersion":3465}