{"stats":{"minecraft:dropped":{"minecraft:wheat":281,"minecraft:iron_pickaxe":1},"minecraft:picked_up":{"minecraft:birch_log":1,"minecraft:wheat":396,"minecraft:leather":1,"minecraft:cooked_rabbit":1,"minecraft:oak_log":46,"minecraft:redstone":1,"minecraft:iron_axe":1,"minecraft:stone_bricks":3,"minecraft:dead_bubble_coral_block":8,"minecraft:beef":1,"minecraft:iron_pickaxe":2},"minecraft:mined":{"minecraft:dead_bubble_coral_block":9,"minecraft:birch_log":1,"minecraft:stone_brick_slab":2,"minecraft:grass":2,"minecraft:oak_log":60,"minecraft:dirt":1,"minecraft:redstone_wire":2,"minecraft:birch_slab":1,"minecraft:stone_bricks":5},"minecraft:custom":{"minecraft:time_since_rest":9990,"minecraft:sprint_one_cm":42603,"minecraft:damage_taken":383,"minecraft:walk_one_cm":37798,"minecraft:mob_kills":2,"minecraft:drop":172,"minecraft:animals_bred":4,"minecraft:damage_dealt":740,"minecraft:talked_to_villager":1,"minecraft:fly_one_cm":87225,"minecraft:player_kills":2,"minecraft:crouch_one_cm":19,"minecraft:play_time":24000,"minecraft:deaths":1,"minecraft:sneak_time":135,"minecraft:jump":377,"minecraft:time_since_death":9954,"minecraft:walk_on_water_one_cm":344,"minecraft:total_world_time":24000,"minecraft:fall_one_cm":12475},"minecraft:used":{"minecraft:iron_axe":84,"minecraft:iron_pickaxe":16,"minecraft:oak_planks":90,"minecraft:beef":1},"minecraft:crafted":{"minecraft:oak_planks":172},"minecraft:killed":{"minecraft:wandering_trader":1,"minecraft:cow":1}},"DataVersion":3465}