{"stats":{"minecraft:dropped":{"minecraft:iron_pickaxe":1},"minecraft:picked_up":{"minecraft:birch_log":1,"minecraft:iron_axe":1,"minecraft:stone_bricks":3,"minecraft:leather":1,"minecraft:dead_bubble_coral_block":8,"minecraft:beef":1,"minecraft:oak_log":43,"minecraft:iron_pickaxe":2},"minecraft:mined":{"minecraft:grass":2,"minecraft:oak_log":60,"minecraft:redstone_wire":1,"minecraft:dirt":1,"minecraft:dead_bubble_coral_block":9,"minecraft:birch_log":1,"minecraft:birch_slab":1,"minecraft:stone_brick_slab":2,"minecraft:stone_bricks":5},"minecraft:custom":{"minecraft:time_since_rest":12000,"minecraft:play_time":12000,"minecraft:sprint_one_cm":18847,"minecraft:damage_taken":144,"minecraft:walk_one_cm":15501,"minecraft:sneak_time":33,"minecraft:mob_kills":2,"minecraft:drop":1,"minecraft:jump":134,"minecraft:damage_dealt":675,"minecraft:time_since_death":12000,"minecraft:total_world_time":12000,"minecraft:talked_to_villager":1,"minecraft:fall_one_cm":4079,"minecraft:fly_one_cm":49148,"minecraft:player_kills":1},"minecraft:used":{"minecraft:iron_axe":80,"minecraft:iron_pickaxe":16},"minecraft:killed":{"minecraft:wandering_trader":1,"minecraft:cow":1}},"DataVersion":3465}