{
  "minecraft:recipes/decorations/crafting_table": {
    "criteria": {
      "unlock_right_away": "2024-06-27 00:47:09 +0000"
    },
    "done": true
  },
  "minecraft:adventure/adventuring_time": {
    "criteria": {
      "minecraft:taiga": "2024-06-27 00:50:46 +0000",
      "minecraft:frozen_river": "2024-06-27 23:41:25 +0000",
      "minecraft:snowy_plains": "2024-06-27 23:40:38 +0000",
      "minecraft:snowy_taiga": "2024-06-27 23:40:01 +0000",
      "minecraft:grove": "2024-06-27 00:47:10 +0000",
      "minecraft:forest": "2024-06-27 23:43:15 +0000",
      "minecraft:meadow": "2024-06-27 23:44:54 +0000",
      "minecraft:plains": "2024-06-27 23:43:10 +0000"
    },
    "done": false
  },
  "DataVersion": 3465
}