{
  "minecraft:recipes/decorations/crafting_table": {
    "criteria": {
      "unlock_right_away": "2024-06-27 23:28:12 +0000"
    },
    "done": true
  },
  "minecraft:adventure/adventuring_time": {
    "criteria": {
      "minecraft:river": "2024-06-27 23:36:32 +0000",
      "minecraft:snowy_taiga": "2024-06-27 23:33:55 +0000",
      "minecraft:grove": "2024-06-27 23:28:13 +0000",
      "minecraft:forest": "2024-06-27 23:36:48 +0000",
      "minecraft:meadow": "2024-06-27 23:36:22 +0000",
      "minecraft:plains": "2024-06-27 23:35:44 +0000"
    },
    "done": false
  },
  "minecraft:recipes/misc/iron_nugget_from_smelting": {
    "criteria": {
      "has_iron_axe": "2024-06-27 23:39:10 +0000"
    },
    "done": true
  },
  "minecraft:recipes/misc/iron_nugget_from_blasting": {
    "criteria": {
      "has_iron_axe": "2024-06-27 23:39:10 +0000"
    },
    "done": true
  },
  "DataVersion": 3465
}